Name,Extension,Nickname
Álex Abrines,https://www.basketball-reference.com/players/a/abrinal01/gamelog/2019,ÁlexAbrines
Quincy Acy,https://www.basketball-reference.com/players/a/acyqu01/gamelog/2019,QuincyAcy
Jaylen Adams,https://www.basketball-reference.com/players/a/adamsja01/gamelog/2019,JaylenAdams
Steven Adams,https://www.basketball-reference.com/players/a/adamsst01/gamelog/2019,StevenAdams
Bam Adebayo,https://www.basketball-reference.com/players/a/adebaba01/gamelog/2019,BamAdebayo
Deng Adel,https://www.basketball-reference.com/players/a/adelde01/gamelog/2019,DengAdel
Arron Afflalo,https://www.basketball-reference.com/players/a/afflaar01/gamelog/2019,ArronAfflalo
Alexis Ajinça,https://www.basketball-reference.com/players/a/ajincal01/gamelog/2019,AlexisAjinça
DeVaughn AkoonPurcell,https://www.basketball-reference.com/players/a/akoonde01/gamelog/2019,DeVaughnAkoonPurcell
Cole Aldrich,https://www.basketball-reference.com/players/a/aldrico01/gamelog/2019,ColeAldrich
LaMarcus Aldridge,https://www.basketball-reference.com/players/a/aldrila01/gamelog/2019,LaMarcusAldridge
Rawle Alkins,https://www.basketball-reference.com/players/a/alkinra01/gamelog/2019,RawleAlkins
Grayson Allen,https://www.basketball-reference.com/players/a/allengr01/gamelog/2019,GraysonAllen
Jarrett Allen,https://www.basketball-reference.com/players/a/allenja01/gamelog/2019,JarrettAllen
Kadeem Allen,https://www.basketball-reference.com/players/a/allenka01/gamelog/2019,KadeemAllen
Lavoy Allen,https://www.basketball-reference.com/players/a/allenla01/gamelog/2019,LavoyAllen
Tony Allen,https://www.basketball-reference.com/players/a/allento01/gamelog/2019,TonyAllen
AlFarouq Aminu,https://www.basketball-reference.com/players/a/aminual01/gamelog/2019,AlFarouqAminu
Alan Anderson,https://www.basketball-reference.com/players/a/anderal01/gamelog/2019,AlanAnderson
Justin Anderson,https://www.basketball-reference.com/players/a/anderju01/gamelog/2019,JustinAnderson
Kyle Anderson,https://www.basketball-reference.com/players/a/anderky01/gamelog/2019,KyleAnderson
Ryan Anderson,https://www.basketball-reference.com/players/a/anderry01/gamelog/2019,RyanAnderson
Ike Anigbogu,https://www.basketball-reference.com/players/a/anigbik01/gamelog/2019,IkeAnigbogu
Giannis Antetokounmpo,https://www.basketball-reference.com/players/a/antetgi01/gamelog/2019,GiannisAntetokounmpo
Kostas Antetokounmpo,https://www.basketball-reference.com/players/a/antetko01/gamelog/2019,KostasAntetokounmpo
Carmelo Anthony,https://www.basketball-reference.com/players/a/anthoca01/gamelog/2019,CarmeloAnthony
OG Anunoby,https://www.basketball-reference.com/players/a/anunoog01/gamelog/2019,OGAnunoby
Ryan Arcidiacono,https://www.basketball-reference.com/players/a/arcidry01/gamelog/2019,RyanArcidiacono
Trevor Ariza,https://www.basketball-reference.com/players/a/arizatr01/gamelog/2019,TrevorAriza
Darrell Arthur,https://www.basketball-reference.com/players/a/arthuda01/gamelog/2019,DarrellArthur
Jamel Artis,https://www.basketball-reference.com/players/a/artisja01/gamelog/2019,JamelArtis
Ömer Aşık,https://www.basketball-reference.com/players/a/asikom01/gamelog/2019,ÖmerAşık
DJ Augustin,https://www.basketball-reference.com/players/a/augusdj01/gamelog/2019,DJAugustin
Deandre Ayton,https://www.basketball-reference.com/players/a/aytonde01/gamelog/2019,DeandreAyton
Luke Babbitt,https://www.basketball-reference.com/players/b/babbilu01/gamelog/2019,LukeBabbitt
Dwayne Bacon,https://www.basketball-reference.com/players/b/bacondw01/gamelog/2019,DwayneBacon
Marvin Bagley,https://www.basketball-reference.com/players/b/baglema01/gamelog/2019,MarvinBagley
Ron Baker,https://www.basketball-reference.com/players/b/bakerro01/gamelog/2019,RonBaker
Wade Baldwin,https://www.basketball-reference.com/players/b/baldwwa01/gamelog/2019,WadeBaldwin
Lonzo Ball,https://www.basketball-reference.com/players/b/balllo01/gamelog/2019,LonzoBall
Mohamed Bamba,https://www.basketball-reference.com/players/b/bambamo01/gamelog/2019,MohamedBamba
JJ Barea,https://www.basketball-reference.com/players/b/bareajo01/gamelog/2019,JJBarea
Harrison Barnes,https://www.basketball-reference.com/players/b/barneha02/gamelog/2019,HarrisonBarnes
Will Barton,https://www.basketball-reference.com/players/b/bartowi01/gamelog/2019,WillBarton
Keita BatesDiop,https://www.basketball-reference.com/players/b/bateske01/gamelog/2019,KeitaBatesDiop
Nicolas Batum,https://www.basketball-reference.com/players/b/batumni01/gamelog/2019,NicolasBatum
Jerryd Bayless,https://www.basketball-reference.com/players/b/bayleje01/gamelog/2019,JerrydBayless
Aron Baynes,https://www.basketball-reference.com/players/b/baynear01/gamelog/2019,AronBaynes
Kent Bazemore,https://www.basketball-reference.com/players/b/bazemke01/gamelog/2019,KentBazemore
Bradley Beal,https://www.basketball-reference.com/players/b/bealbr01/gamelog/2019,BradleyBeal
Malik Beasley,https://www.basketball-reference.com/players/b/beaslma01/gamelog/2019,MalikBeasley
Michael Beasley,https://www.basketball-reference.com/players/b/beaslmi01/gamelog/2019,MichaelBeasley
Marco Belinelli,https://www.basketball-reference.com/players/b/belinma01/gamelog/2019,MarcoBelinelli
Jordan Bell,https://www.basketball-reference.com/players/b/belljo01/gamelog/2019,JordanBell
DeAndre Bembry,https://www.basketball-reference.com/players/b/bembrde01/gamelog/2019,DeAndreBembry
Dragan Bender,https://www.basketball-reference.com/players/b/bendedr01/gamelog/2019,DraganBender
Anthony Bennett,https://www.basketball-reference.com/players/b/bennean01/gamelog/2019,AnthonyBennett
Ben Bentil,https://www.basketball-reference.com/players/b/bentibe01/gamelog/2019,BenBentil
Dairis Bertāns,https://www.basketball-reference.com/players/b/bertada02/gamelog/2019,DairisBertāns
Dāvis Bertāns,https://www.basketball-reference.com/players/b/bertada01/gamelog/2019,DāvisBertāns
Patrick Beverley,https://www.basketball-reference.com/players/b/beverpa01/gamelog/2019,PatrickBeverley
Khem Birch,https://www.basketball-reference.com/players/b/birchkh01/gamelog/2019,KhemBirch
Jabari Bird,https://www.basketball-reference.com/players/b/birdja01/gamelog/2019,JabariBird
Bismack Biyombo,https://www.basketball-reference.com/players/b/biyombi01/gamelog/2019,BismackBiyombo
Nemanja Bjelica,https://www.basketball-reference.com/players/b/bjeline01/gamelog/2019,NemanjaBjelica
Tarik Black,https://www.basketball-reference.com/players/b/blackta01/gamelog/2019,TarikBlack
Antonio Blakeney,https://www.basketball-reference.com/players/b/blakean01/gamelog/2019,AntonioBlakeney
Eric Bledsoe,https://www.basketball-reference.com/players/b/bledser01/gamelog/2019,EricBledsoe
Jaron Blossomgame,https://www.basketball-reference.com/players/b/blossja01/gamelog/2019,JaronBlossomgame
Vander Blue,https://www.basketball-reference.com/players/b/blueva01/gamelog/2019,VanderBlue
Bogdan Bogdanović,https://www.basketball-reference.com/players/b/bogdabo01/gamelog/2019,BogdanBogdanović
Bojan Bogdanović,https://www.basketball-reference.com/players/b/bogdabo02/gamelog/2019,BojanBogdanović
Andrew Bogut,https://www.basketball-reference.com/players/b/bogutan01/gamelog/2019,AndrewBogut
Jonah Bolden,https://www.basketball-reference.com/players/b/boldejo01/gamelog/2019,JonahBolden
Joel Bolomboy,https://www.basketball-reference.com/players/b/bolomjo01/gamelog/2019,JoelBolomboy
Isaac Bonga,https://www.basketball-reference.com/players/b/bongais01/gamelog/2019,IsaacBonga
Devin Booker,https://www.basketball-reference.com/players/b/bookede01/gamelog/2019,DevinBooker
Trevor Booker,https://www.basketball-reference.com/players/b/booketr01/gamelog/2019,TrevorBooker
Chris Boucher,https://www.basketball-reference.com/players/b/bouchch01/gamelog/2019,ChrisBoucher
Avery Bradley,https://www.basketball-reference.com/players/b/bradlav01/gamelog/2019,AveryBradley
Tony Bradley,https://www.basketball-reference.com/players/b/bradlto01/gamelog/2019,TonyBradley
Corey Brewer,https://www.basketball-reference.com/players/b/breweco01/gamelog/2019,CoreyBrewer
Mikal Bridges,https://www.basketball-reference.com/players/b/bridgmi01/gamelog/2019,MikalBridges
Miles Bridges,https://www.basketball-reference.com/players/b/bridgmi02/gamelog/2019,MilesBridges
Isaiah Briscoe,https://www.basketball-reference.com/players/b/briscis01/gamelog/2019,IsaiahBriscoe
Ryan Broekhoff,https://www.basketball-reference.com/players/b/broekry01/gamelog/2019,RyanBroekhoff
Malcolm Brogdon,https://www.basketball-reference.com/players/b/brogdma01/gamelog/2019,MalcolmBrogdon
Aaron Brooks,https://www.basketball-reference.com/players/b/brookaa01/gamelog/2019,AaronBrooks
Dillon Brooks,https://www.basketball-reference.com/players/b/brookdi01/gamelog/2019,DillonBrooks
MarShon Brooks,https://www.basketball-reference.com/players/b/brookma01/gamelog/2019,MarShonBrooks
Anthony Brown,https://www.basketball-reference.com/players/b/brownan02/gamelog/2019,AnthonyBrown
Bobby Brown,https://www.basketball-reference.com/players/b/brownbo02/gamelog/2019,BobbyBrown
Bruce Brown,https://www.basketball-reference.com/players/b/brownbr01/gamelog/2019,BruceBrown
Jaylen Brown,https://www.basketball-reference.com/players/b/brownja02/gamelog/2019,JaylenBrown
Lorenzo Brown,https://www.basketball-reference.com/players/b/brownlo01/gamelog/2019,LorenzoBrown
Markel Brown,https://www.basketball-reference.com/players/b/brownma02/gamelog/2019,MarkelBrown
Sterling Brown,https://www.basketball-reference.com/players/b/brownst02/gamelog/2019,SterlingBrown
Troy Brown,https://www.basketball-reference.com/players/b/browntr01/gamelog/2019,TroyBrown
Jalen Brunson,https://www.basketball-reference.com/players/b/brunsja01/gamelog/2019,JalenBrunson
Nicolás Brussino,https://www.basketball-reference.com/players/b/brussni01/gamelog/2019,NicolásBrussino
Thomas Bryant,https://www.basketball-reference.com/players/b/bryanth01/gamelog/2019,ThomasBryant
Reggie Bullock,https://www.basketball-reference.com/players/b/bullore01/gamelog/2019,ReggieBullock
Trey Burke,https://www.basketball-reference.com/players/b/burketr01/gamelog/2019,TreyBurke
Alec Burks,https://www.basketball-reference.com/players/b/burksal01/gamelog/2019,AlecBurks
Deonte Burton,https://www.basketball-reference.com/players/b/burtode02/gamelog/2019,DeonteBurton
Jimmy Butler,https://www.basketball-reference.com/players/b/butleji01/gamelog/2019,JimmyButler
Dwight Buycks,https://www.basketball-reference.com/players/b/buyckdw01/gamelog/2019,DwightBuycks
Bruno Caboclo,https://www.basketball-reference.com/players/c/cabocbr01/gamelog/2019,BrunoCaboclo
José Calderón,https://www.basketball-reference.com/players/c/caldejo01/gamelog/2019,JoséCalderón
Kentavious CaldwellPope,https://www.basketball-reference.com/players/c/caldwke01/gamelog/2019,KentaviousCaldwellPope
Isaiah Canaan,https://www.basketball-reference.com/players/c/canaais01/gamelog/2019,IsaiahCanaan
Clint Capela,https://www.basketball-reference.com/players/c/capelca01/gamelog/2019,ClintCapela
DeMarre Carroll,https://www.basketball-reference.com/players/c/carrode01/gamelog/2019,DeMarreCarroll
Jevon Carter,https://www.basketball-reference.com/players/c/carteje01/gamelog/2019,JevonCarter
Vince Carter,https://www.basketball-reference.com/players/c/cartevi01/gamelog/2019,VinceCarter
Wendell Carter,https://www.basketball-reference.com/players/c/cartewe01/gamelog/2019,WendellCarter
Michael CarterWilliams,https://www.basketball-reference.com/players/c/cartemi01/gamelog/2019,MichaelCarterWilliams
Alex Caruso,https://www.basketball-reference.com/players/c/carusal01/gamelog/2019,AlexCaruso
Omri Casspi,https://www.basketball-reference.com/players/c/casspom01/gamelog/2019,OmriCasspi
Willie CauleyStein,https://www.basketball-reference.com/players/c/caulewi01/gamelog/2019,WillieCauleyStein
Troy Caupain,https://www.basketball-reference.com/players/c/caupatr01/gamelog/2019,TroyCaupain
Tyler Cavanaugh,https://www.basketball-reference.com/players/c/cavanty01/gamelog/2019,TylerCavanaugh
Mario Chalmers,https://www.basketball-reference.com/players/c/chalmma01/gamelog/2019,MarioChalmers
Tyson Chandler,https://www.basketball-reference.com/players/c/chandty01/gamelog/2019,TysonChandler
Wilson Chandler,https://www.basketball-reference.com/players/c/chandwi01/gamelog/2019,WilsonChandler
Joe Chealey,https://www.basketball-reference.com/players/c/chealjo01/gamelog/2019,JoeChealey
Chris Chiozza,https://www.basketball-reference.com/players/c/chiozch01/gamelog/2019,ChrisChiozza
Marquese Chriss,https://www.basketball-reference.com/players/c/chrisma01/gamelog/2019,MarqueseChriss
Rakeem Christmas,https://www.basketball-reference.com/players/c/chrisra01/gamelog/2019,RakeemChristmas
Semaj Christon,https://www.basketball-reference.com/players/c/chrisse01/gamelog/2019,SemajChriston
Gary Clark,https://www.basketball-reference.com/players/c/clarkga01/gamelog/2019,GaryClark
Ian Clark,https://www.basketball-reference.com/players/c/clarkia01/gamelog/2019,IanClark
Jordan Clarkson,https://www.basketball-reference.com/players/c/clarkjo01/gamelog/2019,JordanClarkson
Gian Clavell,https://www.basketball-reference.com/players/c/clavegi01/gamelog/2019,GianClavell
Antonius Cleveland,https://www.basketball-reference.com/players/c/clevean01/gamelog/2019,AntoniusCleveland
John Collins,https://www.basketball-reference.com/players/c/collijo01/gamelog/2019,JohnCollins
Zach Collins,https://www.basketball-reference.com/players/c/colliza01/gamelog/2019,ZachCollins
Kyle Collinsworth,https://www.basketball-reference.com/players/c/colliky01/gamelog/2019,KyleCollinsworth
Darren Collison,https://www.basketball-reference.com/players/c/collida01/gamelog/2019,DarrenCollison
Bonzie Colson,https://www.basketball-reference.com/players/c/colsobo01/gamelog/2019,BonzieColson
Mike Conley,https://www.basketball-reference.com/players/c/conlemi01/gamelog/2019,MikeConley
Pat Connaughton,https://www.basketball-reference.com/players/c/connapa01/gamelog/2019,PatConnaughton
Quinn Cook,https://www.basketball-reference.com/players/c/cookqu01/gamelog/2019,QuinnCook
Charles Cooke,https://www.basketball-reference.com/players/c/cookech01/gamelog/2019,CharlesCooke
Jack Cooley,https://www.basketball-reference.com/players/c/cooleja01/gamelog/2019,JackCooley
Matt Costello,https://www.basketball-reference.com/players/c/costema01/gamelog/2019,MattCostello
DeMarcus Cousins,https://www.basketball-reference.com/players/c/couside01/gamelog/2019,DeMarcusCousins
Robert Covington,https://www.basketball-reference.com/players/c/covinro01/gamelog/2019,RobertCovington
Allen Crabbe,https://www.basketball-reference.com/players/c/crabbal01/gamelog/2019,AllenCrabbe
Torrey Craig,https://www.basketball-reference.com/players/c/craigto01/gamelog/2019,TorreyCraig
Jamal Crawford,https://www.basketball-reference.com/players/c/crawfja01/gamelog/2019,JamalCrawford
Jordan Crawford,https://www.basketball-reference.com/players/c/crawfjo02/gamelog/2019,JordanCrawford
Mitch Creek,https://www.basketball-reference.com/players/c/creekmi01/gamelog/2019,MitchCreek
Jae Crowder,https://www.basketball-reference.com/players/c/crowdja01/gamelog/2019,JaeCrowder
Dante Cunningham,https://www.basketball-reference.com/players/c/cunnida01/gamelog/2019,DanteCunningham
Seth Curry,https://www.basketball-reference.com/players/c/curryse01/gamelog/2019,SethCurry
Stephen Curry,https://www.basketball-reference.com/players/c/curryst01/gamelog/2019,StephenCurry
Troy Daniels,https://www.basketball-reference.com/players/d/danietr01/gamelog/2019,TroyDaniels
Anthony Davis,https://www.basketball-reference.com/players/d/davisan02/gamelog/2019,AnthonyDavis
Deyonta Davis,https://www.basketball-reference.com/players/d/davisde01/gamelog/2019,DeyontaDavis
Ed Davis,https://www.basketball-reference.com/players/d/davised01/gamelog/2019,EdDavis
Tyler Davis,https://www.basketball-reference.com/players/d/davisty01/gamelog/2019,TylerDavis
Dewayne Dedmon,https://www.basketball-reference.com/players/d/dedmode01/gamelog/2019,DewayneDedmon
Sam Dekker,https://www.basketball-reference.com/players/d/dekkesa01/gamelog/2019,SamDekker
Malcolm Delaney,https://www.basketball-reference.com/players/d/delanma01/gamelog/2019,MalcolmDelaney
Ángel Delgado,https://www.basketball-reference.com/players/d/delgaan01/gamelog/2019,ÁngelDelgado
Matthew Dellavedova,https://www.basketball-reference.com/players/d/dellama01/gamelog/2019,MatthewDellavedova
Luol Deng,https://www.basketball-reference.com/players/d/denglu01/gamelog/2019,LuolDeng
DeMar DeRozan,https://www.basketball-reference.com/players/d/derozde01/gamelog/2019,DeMarDeRozan
Marcus Derrickson,https://www.basketball-reference.com/players/d/derrima01/gamelog/2019,MarcusDerrickson
Cheick Diallo,https://www.basketball-reference.com/players/d/diallch01/gamelog/2019,CheickDiallo
Hamidou Diallo,https://www.basketball-reference.com/players/d/diallha01/gamelog/2019,HamidouDiallo
Gorgui Dieng,https://www.basketball-reference.com/players/d/dienggo01/gamelog/2019,GorguiDieng
Spencer Dinwiddie,https://www.basketball-reference.com/players/d/dinwisp01/gamelog/2019,SpencerDinwiddie
Donte DiVincenzo,https://www.basketball-reference.com/players/d/divindo01/gamelog/2019,DonteDiVincenzo
Luka Dončić,https://www.basketball-reference.com/players/d/doncilu01/gamelog/2019,LukaDončić
Tyler Dorsey,https://www.basketball-reference.com/players/d/dorsety01/gamelog/2019,TylerDorsey
Damyean Dotson,https://www.basketball-reference.com/players/d/dotsoda01/gamelog/2019,DamyeanDotson
Toney Douglas,https://www.basketball-reference.com/players/d/douglto01/gamelog/2019,ToneyDouglas
Milton Doyle,https://www.basketball-reference.com/players/d/doylemi01/gamelog/2019,MiltonDoyle
PJ Dozier,https://www.basketball-reference.com/players/d/doziepj01/gamelog/2019,PJDozier
Goran Dragić,https://www.basketball-reference.com/players/d/dragigo01/gamelog/2019,GoranDragić
Larry Drew,https://www.basketball-reference.com/players/d/drewla02/gamelog/2019,LarryDrew
Andre Drummond,https://www.basketball-reference.com/players/d/drumman01/gamelog/2019,AndreDrummond
Jared Dudley,https://www.basketball-reference.com/players/d/dudleja01/gamelog/2019,JaredDudley
Kris Dunn,https://www.basketball-reference.com/players/d/dunnkr01/gamelog/2019,KrisDunn
Kevin Durant,https://www.basketball-reference.com/players/d/duranke01/gamelog/2019,KevinDurant
Trevon Duval,https://www.basketball-reference.com/players/d/duvaltr01/gamelog/2019,TrevonDuval
Jarell Eddie,https://www.basketball-reference.com/players/e/eddieja01/gamelog/2019,JarellEddie
Vince Edwards,https://www.basketball-reference.com/players/e/edwarvi01/gamelog/2019,VinceEdwards
Henry Ellenson,https://www.basketball-reference.com/players/e/ellenhe01/gamelog/2019,HenryEllenson
Wayne Ellington,https://www.basketball-reference.com/players/e/ellinwa01/gamelog/2019,WayneEllington
Joel Embiid,https://www.basketball-reference.com/players/e/embiijo01/gamelog/2019,JoelEmbiid
James Ennis,https://www.basketball-reference.com/players/e/ennisja01/gamelog/2019,JamesEnnis
Tyler Ennis,https://www.basketball-reference.com/players/e/ennisty01/gamelog/2019,TylerEnnis
Drew Eubanks,https://www.basketball-reference.com/players/e/eubandr01/gamelog/2019,DrewEubanks
Jacob Evans,https://www.basketball-reference.com/players/e/evansja02/gamelog/2019,JacobEvans
Jawun Evans,https://www.basketball-reference.com/players/e/evansja01/gamelog/2019,JawunEvans
Jeremy Evans,https://www.basketball-reference.com/players/e/evansje01/gamelog/2019,JeremyEvans
Tyreke Evans,https://www.basketball-reference.com/players/e/evansty01/gamelog/2019,TyrekeEvans
Dante Exum,https://www.basketball-reference.com/players/e/exumda01/gamelog/2019,DanteExum
Kenneth Faried,https://www.basketball-reference.com/players/f/farieke01/gamelog/2019,KennethFaried
Derrick Favors,https://www.basketball-reference.com/players/f/favorde01/gamelog/2019,DerrickFavors
Kay Felder,https://www.basketball-reference.com/players/f/feldeka01/gamelog/2019,KayFelder
Cristiano Felício,https://www.basketball-reference.com/players/f/feliccr01/gamelog/2019,CristianoFelício
Raymond Felton,https://www.basketball-reference.com/players/f/feltora01/gamelog/2019,RaymondFelton
Terrance Ferguson,https://www.basketball-reference.com/players/f/fergute01/gamelog/2019,TerranceFerguson
Yogi Ferrell,https://www.basketball-reference.com/players/f/ferreyo01/gamelog/2019,YogiFerrell
Dorian FinneySmith,https://www.basketball-reference.com/players/f/finnedo01/gamelog/2019,DorianFinneySmith
Bryn Forbes,https://www.basketball-reference.com/players/f/forbebr01/gamelog/2019,BrynForbes
Evan Fournier,https://www.basketball-reference.com/players/f/fournev01/gamelog/2019,EvanFournier
DeAaron Fox,https://www.basketball-reference.com/players/f/foxde01/gamelog/2019,DeAaronFox
Melvin Frazier,https://www.basketball-reference.com/players/f/frazime01/gamelog/2019,MelvinFrazier
Tim Frazier,https://www.basketball-reference.com/players/f/fraziti01/gamelog/2019,TimFrazier
Jimmer Fredette,https://www.basketball-reference.com/players/f/fredeji01/gamelog/2019,JimmerFredette
Channing Frye,https://www.basketball-reference.com/players/f/fryech01/gamelog/2019,ChanningFrye
Markelle Fultz,https://www.basketball-reference.com/players/f/fultzma01/gamelog/2019,MarkelleFultz
Danilo Gallinari,https://www.basketball-reference.com/players/g/gallida01/gamelog/2019,DaniloGallinari
Langston Galloway,https://www.basketball-reference.com/players/g/gallola01/gamelog/2019,LangstonGalloway
Patricio Garino,https://www.basketball-reference.com/players/g/garinpa01/gamelog/2019,PatricioGarino
Billy Garrett,https://www.basketball-reference.com/players/g/garrebi01/gamelog/2019,BillyGarrett
Marc Gasol,https://www.basketball-reference.com/players/g/gasolma01/gamelog/2019,MarcGasol
Pau Gasol,https://www.basketball-reference.com/players/g/gasolpa01/gamelog/2019,PauGasol
Rudy Gay,https://www.basketball-reference.com/players/g/gayru01/gamelog/2019,RudyGay
Michael Gbinije,https://www.basketball-reference.com/players/g/gbinimi01/gamelog/2019,MichaelGbinije
Paul George,https://www.basketball-reference.com/players/g/georgpa01/gamelog/2019,PaulGeorge
Marcus GeorgesHunt,https://www.basketball-reference.com/players/g/georgma01/gamelog/2019,MarcusGeorgesHunt
Jonathan Gibson,https://www.basketball-reference.com/players/g/gibsojo01/gamelog/2019,JonathanGibson
Taj Gibson,https://www.basketball-reference.com/players/g/gibsota01/gamelog/2019,TajGibson
Harry Giles,https://www.basketball-reference.com/players/g/gilesha01/gamelog/2019,HarryGiles
Shai GilgeousAlexander,https://www.basketball-reference.com/players/g/gilgesh01/gamelog/2019,ShaiGilgeousAlexander
Rudy Gobert,https://www.basketball-reference.com/players/g/goberru01/gamelog/2019,RudyGobert
Archie Goodwin,https://www.basketball-reference.com/players/g/goodwar01/gamelog/2019,ArchieGoodwin
Brandon Goodwin,https://www.basketball-reference.com/players/g/goodwbr01/gamelog/2019,BrandonGoodwin
Aaron Gordon,https://www.basketball-reference.com/players/g/gordoaa01/gamelog/2019,AaronGordon
Eric Gordon,https://www.basketball-reference.com/players/g/gordoer01/gamelog/2019,EricGordon
Marcin Gortat,https://www.basketball-reference.com/players/g/gortama01/gamelog/2019,MarcinGortat
Devonte Graham,https://www.basketball-reference.com/players/g/grahade01/gamelog/2019,DevonteGraham
Treveon Graham,https://www.basketball-reference.com/players/g/grahatr01/gamelog/2019,TreveonGraham
Jerami Grant,https://www.basketball-reference.com/players/g/grantje01/gamelog/2019,JeramiGrant
Jerian Grant,https://www.basketball-reference.com/players/g/grantje02/gamelog/2019,JerianGrant
Donte Grantham,https://www.basketball-reference.com/players/g/grantdo01/gamelog/2019,DonteGrantham
Josh Gray,https://www.basketball-reference.com/players/g/grayjo01/gamelog/2019,JoshGray
Danny Green,https://www.basketball-reference.com/players/g/greenda02/gamelog/2019,DannyGreen
Draymond Green,https://www.basketball-reference.com/players/g/greendr01/gamelog/2019,DraymondGreen
Gerald Green,https://www.basketball-reference.com/players/g/greenge01/gamelog/2019,GeraldGreen
JaMychal Green,https://www.basketball-reference.com/players/g/greenja01/gamelog/2019,JaMychalGreen
Jeff Green,https://www.basketball-reference.com/players/g/greenje02/gamelog/2019,JeffGreen
Blake Griffin,https://www.basketball-reference.com/players/g/griffbl01/gamelog/2019,BlakeGriffin
Daniel Hamilton,https://www.basketball-reference.com/players/h/hamilda02/gamelog/2019,DanielHamilton
Justin Hamilton,https://www.basketball-reference.com/players/h/hamilju01/gamelog/2019,JustinHamilton
AJ Hammons,https://www.basketball-reference.com/players/h/hammoaj01/gamelog/2019,AJHammons
Dusty Hannahs,https://www.basketball-reference.com/players/h/hannadu01/gamelog/2019,DustyHannahs
Tim Hardaway,https://www.basketball-reference.com/players/h/hardati02/gamelog/2019,TimHardaway
James Harden,https://www.basketball-reference.com/players/h/hardeja01/gamelog/2019,JamesHarden
Maurice Harkless,https://www.basketball-reference.com/players/h/harklma01/gamelog/2019,MauriceHarkless
Justin Harper,https://www.basketball-reference.com/players/h/harpeju01/gamelog/2019,JustinHarper
Montrezl Harrell,https://www.basketball-reference.com/players/h/harremo01/gamelog/2019,MontrezlHarrell
Devin Harris,https://www.basketball-reference.com/players/h/harride01/gamelog/2019,DevinHarris
Gary Harris,https://www.basketball-reference.com/players/h/harriga01/gamelog/2019,GaryHarris
Joe Harris,https://www.basketball-reference.com/players/h/harrijo01/gamelog/2019,JoeHarris
Manny Harris,https://www.basketball-reference.com/players/h/harrima01/gamelog/2019,MannyHarris
Tobias Harris,https://www.basketball-reference.com/players/h/harrito02/gamelog/2019,TobiasHarris
Aaron Harrison,https://www.basketball-reference.com/players/h/harriaa01/gamelog/2019,AaronHarrison
Andrew Harrison,https://www.basketball-reference.com/players/h/harrian01/gamelog/2019,AndrewHarrison
Shaquille Harrison,https://www.basketball-reference.com/players/h/harrish01/gamelog/2019,ShaquilleHarrison
Josh Hart,https://www.basketball-reference.com/players/h/hartjo01/gamelog/2019,JoshHart
Isaiah Hartenstein,https://www.basketball-reference.com/players/h/harteis01/gamelog/2019,IsaiahHartenstein
Udonis Haslem,https://www.basketball-reference.com/players/h/hasleud01/gamelog/2019,UdonisHaslem
Spencer Hawes,https://www.basketball-reference.com/players/h/hawessp01/gamelog/2019,SpencerHawes
Nigel Hayes,https://www.basketball-reference.com/players/h/hayesni01/gamelog/2019,NigelHayes
Gordon Hayward,https://www.basketball-reference.com/players/h/haywago01/gamelog/2019,GordonHayward
Reggie Hearn,https://www.basketball-reference.com/players/h/hearnre01/gamelog/2019,ReggieHearn
Myke Henry,https://www.basketball-reference.com/players/h/henrymy01/gamelog/2019,MykeHenry
John Henson,https://www.basketball-reference.com/players/h/hensojo01/gamelog/2019,JohnHenson
Juan Hernangómez,https://www.basketball-reference.com/players/h/hernaju01/gamelog/2019,JuanHernangómez
Willy Hernangómez,https://www.basketball-reference.com/players/h/hernawi01/gamelog/2019,WillyHernangómez
Mario Hezonja,https://www.basketball-reference.com/players/h/hezonma01/gamelog/2019,MarioHezonja
Isaiah Hicks,https://www.basketball-reference.com/players/h/hicksis01/gamelog/2019,IsaiahHicks
Buddy Hield,https://www.basketball-reference.com/players/h/hieldbu01/gamelog/2019,BuddyHield
Haywood Highsmith,https://www.basketball-reference.com/players/h/highsha01/gamelog/2019,HaywoodHighsmith
Nenê Hilário,https://www.basketball-reference.com/players/h/hilarne01/gamelog/2019,NenêHilário
George Hill,https://www.basketball-reference.com/players/h/hillge01/gamelog/2019,GeorgeHill
Solomon Hill,https://www.basketball-reference.com/players/h/hillso01/gamelog/2019,SolomonHill
Darrun Hilliard,https://www.basketball-reference.com/players/h/hillida01/gamelog/2019,DarrunHilliard
Aaron Holiday,https://www.basketball-reference.com/players/h/holidaa01/gamelog/2019,AaronHoliday
Jrue Holiday,https://www.basketball-reference.com/players/h/holidjr01/gamelog/2019,JrueHoliday
Justin Holiday,https://www.basketball-reference.com/players/h/holidju01/gamelog/2019,JustinHoliday
John Holland,https://www.basketball-reference.com/players/h/hollajo02/gamelog/2019,JohnHolland
Rondae HollisJefferson,https://www.basketball-reference.com/players/h/holliro01/gamelog/2019,RondaeHollisJefferson
Richaun Holmes,https://www.basketball-reference.com/players/h/holmeri01/gamelog/2019,RichaunHolmes
Rodney Hood,https://www.basketball-reference.com/players/h/hoodro01/gamelog/2019,RodneyHood
Scotty Hopson,https://www.basketball-reference.com/players/h/hopsosc01/gamelog/2019,ScottyHopson
Al Horford,https://www.basketball-reference.com/players/h/horfoal01/gamelog/2019,AlHorford
Danuel House,https://www.basketball-reference.com/players/h/houseda01/gamelog/2019,DanuelHouse
Dwight Howard,https://www.basketball-reference.com/players/h/howardw01/gamelog/2019,DwightHoward
Marcelo Huertas,https://www.basketball-reference.com/players/h/huertma01/gamelog/2019,MarceloHuertas
Kevin Huerter,https://www.basketball-reference.com/players/h/huertke01/gamelog/2019,KevinHuerter
Josh Huestis,https://www.basketball-reference.com/players/h/huestjo01/gamelog/2019,JoshHuestis
Isaac Humphries,https://www.basketball-reference.com/players/h/humphis01/gamelog/2019,IsaacHumphries
RJ Hunter,https://www.basketball-reference.com/players/h/hunterj01/gamelog/2019,RJHunter
Vince Hunter,https://www.basketball-reference.com/players/h/huntevi01/gamelog/2019,VinceHunter
Chandler Hutchison,https://www.basketball-reference.com/players/h/hutchch01/gamelog/2019,ChandlerHutchison
Serge Ibaka,https://www.basketball-reference.com/players/i/ibakase01/gamelog/2019,SergeIbaka
Andre Iguodala,https://www.basketball-reference.com/players/i/iguodan01/gamelog/2019,AndreIguodala
Ersan İlyasova,https://www.basketball-reference.com/players/i/ilyaser01/gamelog/2019,Ersanİlyasova
Joe Ingles,https://www.basketball-reference.com/players/i/inglejo01/gamelog/2019,JoeIngles
Andre Ingram,https://www.basketball-reference.com/players/i/ingraan01/gamelog/2019,AndreIngram
Brandon Ingram,https://www.basketball-reference.com/players/i/ingrabr01/gamelog/2019,BrandonIngram
Kyrie Irving,https://www.basketball-reference.com/players/i/irvinky01/gamelog/2019,KyrieIrving
Jonathan Isaac,https://www.basketball-reference.com/players/i/isaacjo01/gamelog/2019,JonathanIsaac
Wesley Iwundu,https://www.basketball-reference.com/players/i/iwundwe01/gamelog/2019,WesleyIwundu
Jarrett Jack,https://www.basketball-reference.com/players/j/jackja01/gamelog/2019,JarrettJack
Aaron Jackson,https://www.basketball-reference.com/players/j/jacksaa01/gamelog/2019,AaronJackson
Demetrius Jackson,https://www.basketball-reference.com/players/j/jacksde01/gamelog/2019,DemetriusJackson
Frank Jackson,https://www.basketball-reference.com/players/j/jacksfr01/gamelog/2019,FrankJackson
Jaren Jackson,https://www.basketball-reference.com/players/j/jacksja02/gamelog/2019,JarenJackson
Josh Jackson,https://www.basketball-reference.com/players/j/jacksjo02/gamelog/2019,JoshJackson
Justin Jackson,https://www.basketball-reference.com/players/j/jacksju01/gamelog/2019,JustinJackson
Pierre Jackson,https://www.basketball-reference.com/players/j/jackspi01/gamelog/2019,PierreJackson
Reggie Jackson,https://www.basketball-reference.com/players/j/jacksre01/gamelog/2019,ReggieJackson
LeBron James,https://www.basketball-reference.com/players/j/jamesle01/gamelog/2019,LeBronJames
Mike James,https://www.basketball-reference.com/players/j/jamesmi02/gamelog/2019,MikeJames
Amile Jefferson,https://www.basketball-reference.com/players/j/jeffeam01/gamelog/2019,AmileJefferson
John Jenkins,https://www.basketball-reference.com/players/j/jenkijo01/gamelog/2019,JohnJenkins
Brandon Jennings,https://www.basketball-reference.com/players/j/jennibr01/gamelog/2019,BrandonJennings
Jonas Jerebko,https://www.basketball-reference.com/players/j/jerebjo01/gamelog/2019,JonasJerebko
Alize Johnson,https://www.basketball-reference.com/players/j/johnsal02/gamelog/2019,AlizeJohnson
Amir Johnson,https://www.basketball-reference.com/players/j/johnsam01/gamelog/2019,AmirJohnson
BJ Johnson,https://www.basketball-reference.com/players/j/johnsbj01/gamelog/2019,BJJohnson
Brice Johnson,https://www.basketball-reference.com/players/j/johnsbr02/gamelog/2019,BriceJohnson
Dakari Johnson,https://www.basketball-reference.com/players/j/johnsda04/gamelog/2019,DakariJohnson
James Johnson,https://www.basketball-reference.com/players/j/johnsja01/gamelog/2019,JamesJohnson
Joe Johnson,https://www.basketball-reference.com/players/j/johnsjo02/gamelog/2019,JoeJohnson
Omari Johnson,https://www.basketball-reference.com/players/j/johnsom01/gamelog/2019,OmariJohnson
Stanley Johnson,https://www.basketball-reference.com/players/j/johnsst04/gamelog/2019,StanleyJohnson
Tyler Johnson,https://www.basketball-reference.com/players/j/johnsty01/gamelog/2019,TylerJohnson
Wesley Johnson,https://www.basketball-reference.com/players/j/johnswe01/gamelog/2019,WesleyJohnson
Nikola Jokić,https://www.basketball-reference.com/players/j/jokicni01/gamelog/2019,NikolaJokić
Damian Jones,https://www.basketball-reference.com/players/j/jonesda03/gamelog/2019,DamianJones
Derrick Jones,https://www.basketball-reference.com/players/j/jonesde02/gamelog/2019,DerrickJones
Jalen Jones,https://www.basketball-reference.com/players/j/jonesja04/gamelog/2019,JalenJones
Jemerrio Jones,https://www.basketball-reference.com/players/j/jonesje01/gamelog/2019,JemerrioJones
Terrence Jones,https://www.basketball-reference.com/players/j/joneste01/gamelog/2019,TerrenceJones
Tyus Jones,https://www.basketball-reference.com/players/j/jonesty01/gamelog/2019,TyusJones
DeAndre Jordan,https://www.basketball-reference.com/players/j/jordade01/gamelog/2019,DeAndreJordan
Cory Joseph,https://www.basketball-reference.com/players/j/josepco01/gamelog/2019,CoryJoseph
Frank Kaminsky,https://www.basketball-reference.com/players/k/kaminfr01/gamelog/2019,FrankKaminsky
Enes Kanter,https://www.basketball-reference.com/players/k/kanteen01/gamelog/2019,EnesKanter
Ryan Kelly,https://www.basketball-reference.com/players/k/kellyry01/gamelog/2019,RyanKelly
Luke Kennard,https://www.basketball-reference.com/players/k/kennalu01/gamelog/2019,LukeKennard
Michael KiddGilchrist,https://www.basketball-reference.com/players/k/kiddgmi01/gamelog/2019,MichaelKiddGilchrist
Sean Kilpatrick,https://www.basketball-reference.com/players/k/kilpase01/gamelog/2019,SeanKilpatrick
George King,https://www.basketball-reference.com/players/k/kingge03/gamelog/2019,GeorgeKing
Maxi Kleber,https://www.basketball-reference.com/players/k/klebima01/gamelog/2019,MaxiKleber
Brandon Knight,https://www.basketball-reference.com/players/k/knighbr03/gamelog/2019,BrandonKnight
Kevin Knox,https://www.basketball-reference.com/players/k/knoxke01/gamelog/2019,KevinKnox
Furkan Korkmaz,https://www.basketball-reference.com/players/k/korkmfu01/gamelog/2019,FurkanKorkmaz
Luke Kornet,https://www.basketball-reference.com/players/k/kornelu01/gamelog/2019,LukeKornet
Kyle Korver,https://www.basketball-reference.com/players/k/korveky01/gamelog/2019,KyleKorver
Kosta Koufos,https://www.basketball-reference.com/players/k/koufoko01/gamelog/2019,KostaKoufos
Rodions Kurucs,https://www.basketball-reference.com/players/k/kurucro01/gamelog/2019,RodionsKurucs
Kyle Kuzma,https://www.basketball-reference.com/players/k/kuzmaky01/gamelog/2019,KyleKuzma
Mindaugas Kuzminskas,https://www.basketball-reference.com/players/k/kuzmimi01/gamelog/2019,MindaugasKuzminskas
Skal Labissière,https://www.basketball-reference.com/players/l/labissk01/gamelog/2019,SkalLabissière
Jeremy Lamb,https://www.basketball-reference.com/players/l/lambje01/gamelog/2019,JeremyLamb
Nicolás Laprovíttola,https://www.basketball-reference.com/players/l/laproni01/gamelog/2019,NicolásLaprovíttola
Shane Larkin,https://www.basketball-reference.com/players/l/larkish01/gamelog/2019,ShaneLarkin
Joffrey Lauvergne,https://www.basketball-reference.com/players/l/lauvejo01/gamelog/2019,JoffreyLauvergne
Zach LaVine,https://www.basketball-reference.com/players/l/lavinza01/gamelog/2019,ZachLaVine
Ty Lawson,https://www.basketball-reference.com/players/l/lawsoty01/gamelog/2019,TyLawson
Jake Layman,https://www.basketball-reference.com/players/l/laymaja01/gamelog/2019,JakeLayman
TJ Leaf,https://www.basketball-reference.com/players/l/leaftj01/gamelog/2019,TJLeaf
Courtney Lee,https://www.basketball-reference.com/players/l/leeco01/gamelog/2019,CourtneyLee
Damion Lee,https://www.basketball-reference.com/players/l/leeda03/gamelog/2019,DamionLee
Walt Lemon,https://www.basketball-reference.com/players/l/lemonwa01/gamelog/2019,WaltLemon
Alex Len,https://www.basketball-reference.com/players/l/lenal01/gamelog/2019,AlexLen
Kawhi Leonard,https://www.basketball-reference.com/players/l/leonaka01/gamelog/2019,KawhiLeonard
Meyers Leonard,https://www.basketball-reference.com/players/l/leoname01/gamelog/2019,MeyersLeonard
Jon Leuer,https://www.basketball-reference.com/players/l/leuerjo01/gamelog/2019,JonLeuer
Caris LeVert,https://www.basketball-reference.com/players/l/leverca01/gamelog/2019,CarisLeVert
DeAndre Liggins,https://www.basketball-reference.com/players/l/liggide01/gamelog/2019,DeAndreLiggins
Damian Lillard,https://www.basketball-reference.com/players/l/lillada01/gamelog/2019,DamianLillard
Jeremy Lin,https://www.basketball-reference.com/players/l/linje01/gamelog/2019,JeremyLin
Shaun Livingston,https://www.basketball-reference.com/players/l/livinsh01/gamelog/2019,ShaunLivingston
Zach Lofton,https://www.basketball-reference.com/players/l/loftoza01/gamelog/2019,ZachLofton
Shawn Long,https://www.basketball-reference.com/players/l/longsh01/gamelog/2019,ShawnLong
Kevon Looney,https://www.basketball-reference.com/players/l/looneke01/gamelog/2019,KevonLooney
Brook Lopez,https://www.basketball-reference.com/players/l/lopezbr01/gamelog/2019,BrookLopez
Robin Lopez,https://www.basketball-reference.com/players/l/lopezro01/gamelog/2019,RobinLopez
Kevin Love,https://www.basketball-reference.com/players/l/loveke01/gamelog/2019,KevinLove
Kyle Lowry,https://www.basketball-reference.com/players/l/lowryky01/gamelog/2019,KyleLowry
Jordan Loyd,https://www.basketball-reference.com/players/l/loydjo01/gamelog/2019,JordanLoyd
Kalin Lucas,https://www.basketball-reference.com/players/l/lucaska01/gamelog/2019,KalinLucas
Timothé LuwawuCabarrot,https://www.basketball-reference.com/players/l/luwawti01/gamelog/2019,TimothéLuwawuCabarrot
Tyler Lydon,https://www.basketball-reference.com/players/l/lydonty01/gamelog/2019,TylerLydon
Trey Lyles,https://www.basketball-reference.com/players/l/lylestr01/gamelog/2019,TreyLyles
Sheldon Mac,https://www.basketball-reference.com/players/m/mcclesh01/gamelog/2019,SheldonMac
Scott Machado,https://www.basketball-reference.com/players/m/machasc01/gamelog/2019,ScottMachado
Shelvin Mack,https://www.basketball-reference.com/players/m/macksh01/gamelog/2019,ShelvinMack
Daryl Macon,https://www.basketball-reference.com/players/m/maconda01/gamelog/2019,DarylMacon
JP Macura,https://www.basketball-reference.com/players/m/macurjp01/gamelog/2019,JPMacura
Josh Magette,https://www.basketball-reference.com/players/m/magetjo01/gamelog/2019,JoshMagette
Ian Mahinmi,https://www.basketball-reference.com/players/m/mahinia01/gamelog/2019,IanMahinmi
Thon Maker,https://www.basketball-reference.com/players/m/makerth01/gamelog/2019,ThonMaker
Boban Marjanović,https://www.basketball-reference.com/players/m/marjabo01/gamelog/2019,BobanMarjanović
Lauri Markkanen,https://www.basketball-reference.com/players/m/markkla01/gamelog/2019,LauriMarkkanen
Jarell Martin,https://www.basketball-reference.com/players/m/martija01/gamelog/2019,JarellMartin
Frank Mason,https://www.basketball-reference.com/players/m/masonfr01/gamelog/2019,FrankMason
Yante Maten,https://www.basketball-reference.com/players/m/matenya01/gamelog/2019,YanteMaten
Mangok Mathiang,https://www.basketball-reference.com/players/m/mathima01/gamelog/2019,MangokMathiang
Wesley Matthews,https://www.basketball-reference.com/players/m/matthwe02/gamelog/2019,WesleyMatthews
Luc Mbah a Moute,https://www.basketball-reference.com/players/m/mbahalu01/gamelog/2019,LucMbahaMoute
James Michael McAdoo,https://www.basketball-reference.com/players/m/mcadoja01/gamelog/2019,JamesMichaelMcAdoo
Tahjere McCall,https://www.basketball-reference.com/players/m/mccalta01/gamelog/2019,TahjereMcCall
Patrick McCaw,https://www.basketball-reference.com/players/m/mccawpa01/gamelog/2019,PatrickMcCaw
CJ McCollum,https://www.basketball-reference.com/players/m/mccolcj01/gamelog/2019,CJMcCollum
TJ McConnell,https://www.basketball-reference.com/players/m/mccontj01/gamelog/2019,TJMcConnell
Erik McCree,https://www.basketball-reference.com/players/m/mccreer01/gamelog/2019,ErikMcCree
Chris McCullough,https://www.basketball-reference.com/players/m/mcculch01/gamelog/2019,ChrisMcCullough
KJ McDaniels,https://www.basketball-reference.com/players/m/mcdankj01/gamelog/2019,KJMcDaniels
Doug McDermott,https://www.basketball-reference.com/players/m/mcderdo01/gamelog/2019,DougMcDermott
JaVale McGee,https://www.basketball-reference.com/players/m/mcgeeja01/gamelog/2019,JaValeMcGee
Rodney McGruder,https://www.basketball-reference.com/players/m/mcgruro01/gamelog/2019,RodneyMcGruder
Trey McKinneyJones,https://www.basketball-reference.com/players/m/mckintr01/gamelog/2019,TreyMcKinneyJones
Alfonzo McKinnie,https://www.basketball-reference.com/players/m/mckinal01/gamelog/2019,AlfonzoMcKinnie
Ben McLemore,https://www.basketball-reference.com/players/m/mclembe01/gamelog/2019,BenMcLemore
Jordan McRae,https://www.basketball-reference.com/players/m/mcraejo01/gamelog/2019,JordanMcRae
Josh McRoberts,https://www.basketball-reference.com/players/m/mcrobjo01/gamelog/2019,JoshMcRoberts
Jodie Meeks,https://www.basketball-reference.com/players/m/meeksjo01/gamelog/2019,JodieMeeks
Salah Mejri,https://www.basketball-reference.com/players/m/mejrisa01/gamelog/2019,SalahMejri
DeAnthony Melton,https://www.basketball-reference.com/players/m/meltode01/gamelog/2019,DeAnthonyMelton
Chimezie Metu,https://www.basketball-reference.com/players/m/metuch01/gamelog/2019,ChimezieMetu
Jordan Mickey,https://www.basketball-reference.com/players/m/mickejo01/gamelog/2019,JordanMickey
Khris Middleton,https://www.basketball-reference.com/players/m/middlkh01/gamelog/2019,KhrisMiddleton
CJ Miles,https://www.basketball-reference.com/players/m/milescj01/gamelog/2019,CJMiles
Darius Miller,https://www.basketball-reference.com/players/m/milleda01/gamelog/2019,DariusMiller
Malcolm Miller,https://www.basketball-reference.com/players/m/millema01/gamelog/2019,MalcolmMiller
Patty Mills,https://www.basketball-reference.com/players/m/millspa02/gamelog/2019,PattyMills
Elijah Millsap,https://www.basketball-reference.com/players/m/millsel01/gamelog/2019,ElijahMillsap
Paul Millsap,https://www.basketball-reference.com/players/m/millspa01/gamelog/2019,PaulMillsap
Shake Milton,https://www.basketball-reference.com/players/m/miltosh01/gamelog/2019,ShakeMilton
Nikola Mirotić,https://www.basketball-reference.com/players/m/mirotni01/gamelog/2019,NikolaMirotić
Donovan Mitchell,https://www.basketball-reference.com/players/m/mitchdo01/gamelog/2019,DonovanMitchell
Naz MitrouLong,https://www.basketball-reference.com/players/m/mitrona01/gamelog/2019,NazMitrouLong
Malik Monk,https://www.basketball-reference.com/players/m/monkma01/gamelog/2019,MalikMonk
Greg Monroe,https://www.basketball-reference.com/players/m/monrogr01/gamelog/2019,GregMonroe
Luis Montero,https://www.basketball-reference.com/players/m/montelu01/gamelog/2019,LuisMontero
Ben Moore,https://www.basketball-reference.com/players/m/moorebe01/gamelog/2019,BenMoore
ETwaun Moore,https://www.basketball-reference.com/players/m/mooreet01/gamelog/2019,ETwaunMoore
Eric Moreland,https://www.basketball-reference.com/players/m/moreler01/gamelog/2019,EricMoreland
Jaylen Morris,https://www.basketball-reference.com/players/m/morrija01/gamelog/2019,JaylenMorris
Marcus Morris,https://www.basketball-reference.com/players/m/morrima03/gamelog/2019,MarcusMorris
Markieff Morris,https://www.basketball-reference.com/players/m/morrima02/gamelog/2019,MarkieffMorris
Monte Morris,https://www.basketball-reference.com/players/m/morrimo01/gamelog/2019,MonteMorris
Anthony Morrow,https://www.basketball-reference.com/players/m/morroan01/gamelog/2019,AnthonyMorrow
Donatas Motiejūnas,https://www.basketball-reference.com/players/m/motiedo01/gamelog/2019,DonatasMotiejūnas
Johnathan Motley,https://www.basketball-reference.com/players/m/motlejo01/gamelog/2019,JohnathanMotley
Timofey Mozgov,https://www.basketball-reference.com/players/m/mozgoti01/gamelog/2019,TimofeyMozgov
Emmanuel Mudiay,https://www.basketball-reference.com/players/m/mudiaem01/gamelog/2019,EmmanuelMudiay
Shabazz Muhammad,https://www.basketball-reference.com/players/m/muhamsh01/gamelog/2019,ShabazzMuhammad
Xavier Munford,https://www.basketball-reference.com/players/m/munfoxa02/gamelog/2019,XavierMunford
Dejounte Murray,https://www.basketball-reference.com/players/m/murrade01/gamelog/2019,DejounteMurray
Jamal Murray,https://www.basketball-reference.com/players/m/murraja01/gamelog/2019,JamalMurray
Džanan Musa,https://www.basketball-reference.com/players/m/musadz01/gamelog/2019,DžananMusa
Mike Muscala,https://www.basketball-reference.com/players/m/muscami01/gamelog/2019,MikeMuscala
Sviatoslav Mykhailiuk,https://www.basketball-reference.com/players/m/mykhasv01/gamelog/2019,SviatoslavMykhailiuk
Abdel Nader,https://www.basketball-reference.com/players/n/naderab01/gamelog/2019,AbdelNader
Larry Nance,https://www.basketball-reference.com/players/n/nancela02/gamelog/2019,LarryNance
Shabazz Napier,https://www.basketball-reference.com/players/n/napiesh01/gamelog/2019,ShabazzNapier
Maurice Ndour,https://www.basketball-reference.com/players/n/ndourma01/gamelog/2019,MauriceNdour
Jameer Nelson,https://www.basketball-reference.com/players/n/nelsoja01/gamelog/2019,JameerNelson
Raul Neto,https://www.basketball-reference.com/players/n/netora01/gamelog/2019,RaulNeto
Georges Niang,https://www.basketball-reference.com/players/n/niangge01/gamelog/2019,GeorgesNiang
Andrew Nicholson,https://www.basketball-reference.com/players/n/nichoan01/gamelog/2019,AndrewNicholson
Joakim Noah,https://www.basketball-reference.com/players/n/noahjo01/gamelog/2019,JoakimNoah
Nerlens Noel,https://www.basketball-reference.com/players/n/noelne01/gamelog/2019,NerlensNoel
Lucas Nogueira,https://www.basketball-reference.com/players/n/noguelu01/gamelog/2019,LucasNogueira
Dirk Nowitzki,https://www.basketball-reference.com/players/n/nowitdi01/gamelog/2019,DirkNowitzki
Frank Ntilikina,https://www.basketball-reference.com/players/n/ntilila01/gamelog/2019,FrankNtilikina
James Nunnally,https://www.basketball-reference.com/players/n/nunnaja01/gamelog/2019,JamesNunnally
Jusuf Nurkić,https://www.basketball-reference.com/players/n/nurkiju01/gamelog/2019,JusufNurkić
David Nwaba,https://www.basketball-reference.com/players/n/nwabada01/gamelog/2019,DavidNwaba
Johnny OBryant,https://www.basketball-reference.com/players/o/obryajo01/gamelog/2019,JohnnyOBryant
Royce ONeale,https://www.basketball-reference.com/players/o/onealro01/gamelog/2019,RoyceONeale
Kyle OQuinn,https://www.basketball-reference.com/players/o/oquinky01/gamelog/2019,KyleOQuinn
Daniel Ochefu,https://www.basketball-reference.com/players/o/ochefda01/gamelog/2019,DanielOchefu
Semi Ojeleye,https://www.basketball-reference.com/players/o/ojelese01/gamelog/2019,SemiOjeleye
Emeka Okafor,https://www.basketball-reference.com/players/o/okafoem01/gamelog/2019,EmekaOkafor
Jahlil Okafor,https://www.basketball-reference.com/players/o/okafoja01/gamelog/2019,JahlilOkafor
Élie Okobo,https://www.basketball-reference.com/players/o/okoboel01/gamelog/2019,ÉlieOkobo
Josh Okogie,https://www.basketball-reference.com/players/o/okogijo01/gamelog/2019,JoshOkogie
Victor Oladipo,https://www.basketball-reference.com/players/o/oladivi01/gamelog/2019,VictorOladipo
Kelly Olynyk,https://www.basketball-reference.com/players/o/olynyke01/gamelog/2019,KellyOlynyk
Arinze Onuaku,https://www.basketball-reference.com/players/o/onuakar01/gamelog/2019,ArinzeOnuaku
Chinanu Onuaku,https://www.basketball-reference.com/players/o/onuakch01/gamelog/2019,ChinanuOnuaku
Cedi Osman,https://www.basketball-reference.com/players/o/osmande01/gamelog/2019,CediOsman
Kelly Oubre,https://www.basketball-reference.com/players/o/oubreke01/gamelog/2019,KellyOubre
Zaza Pachulia,https://www.basketball-reference.com/players/p/pachuza01/gamelog/2019,ZazaPachulia
Marcus Paige,https://www.basketball-reference.com/players/p/paigema01/gamelog/2019,MarcusPaige
Georgios Papagiannis,https://www.basketball-reference.com/players/p/papagge01/gamelog/2019,GeorgiosPapagiannis
Jabari Parker,https://www.basketball-reference.com/players/p/parkeja01/gamelog/2019,JabariParker
Chandler Parsons,https://www.basketball-reference.com/players/p/parsoch01/gamelog/2019,ChandlerParsons
Lamar Patterson,https://www.basketball-reference.com/players/p/pattela01/gamelog/2019,LamarPatterson
Patrick Patterson,https://www.basketball-reference.com/players/p/pattepa01/gamelog/2019,PatrickPatterson
Justin Patton,https://www.basketball-reference.com/players/p/pattoju01/gamelog/2019,JustinPatton
Brandon Paul,https://www.basketball-reference.com/players/p/paulbr01/gamelog/2019,BrandonPaul
Chris Paul,https://www.basketball-reference.com/players/p/paulch01/gamelog/2019,ChrisPaul
Adreian Payne,https://www.basketball-reference.com/players/p/paynead01/gamelog/2019,AdreianPayne
Cameron Payne,https://www.basketball-reference.com/players/p/payneca01/gamelog/2019,CameronPayne
Elfrid Payton,https://www.basketball-reference.com/players/p/paytoel01/gamelog/2019,ElfridPayton
Gary Payton,https://www.basketball-reference.com/players/p/paytoga02/gamelog/2019,GaryPayton
Kendrick Perkins,https://www.basketball-reference.com/players/p/perkike01/gamelog/2019,KendrickPerkins
London Perrantes,https://www.basketball-reference.com/players/p/perralo01/gamelog/2019,LondonPerrantes
Alec Peters,https://www.basketball-reference.com/players/p/peteral01/gamelog/2019,AlecPeters
Theo Pinson,https://www.basketball-reference.com/players/p/pinsoth01/gamelog/2019,TheoPinson
Marshall Plumlee,https://www.basketball-reference.com/players/p/plumlma02/gamelog/2019,MarshallPlumlee
Mason Plumlee,https://www.basketball-reference.com/players/p/plumlma01/gamelog/2019,MasonPlumlee
Miles Plumlee,https://www.basketball-reference.com/players/p/plumlmi01/gamelog/2019,MilesPlumlee
Jakob Pöltl,https://www.basketball-reference.com/players/p/poeltja01/gamelog/2019,JakobPöltl
Quincy Pondexter,https://www.basketball-reference.com/players/p/pondequ01/gamelog/2019,QuincyPondexter
Otto Porter,https://www.basketball-reference.com/players/p/porteot01/gamelog/2019,OttoPorter
Bobby Portis,https://www.basketball-reference.com/players/p/portibo01/gamelog/2019,BobbyPortis
Kristaps Porziņģis,https://www.basketball-reference.com/players/p/porzikr01/gamelog/2019,KristapsPorziņģis
Dwight Powell,https://www.basketball-reference.com/players/p/poweldw01/gamelog/2019,DwightPowell
Norman Powell,https://www.basketball-reference.com/players/p/powelno01/gamelog/2019,NormanPowell
Alex Poythress,https://www.basketball-reference.com/players/p/poythal01/gamelog/2019,AlexPoythress
Ronnie Price,https://www.basketball-reference.com/players/p/pricero01/gamelog/2019,RonniePrice
Jacob Pullen,https://www.basketball-reference.com/players/p/pulleja01/gamelog/2019,JacobPullen
Rodney Purvis,https://www.basketball-reference.com/players/p/purviro01/gamelog/2019,RodneyPurvis
Zhou Qi,https://www.basketball-reference.com/players/q/qizh01/gamelog/2019,ZhouQi
Tim Quarterman,https://www.basketball-reference.com/players/q/quartti01/gamelog/2019,TimQuarterman
Ivan Rabb,https://www.basketball-reference.com/players/r/rabbiv01/gamelog/2019,IvanRabb
Chasson Randle,https://www.basketball-reference.com/players/r/randlch01/gamelog/2019,ChassonRandle
Julius Randle,https://www.basketball-reference.com/players/r/randlju01/gamelog/2019,JuliusRandle
Zach Randolph,https://www.basketball-reference.com/players/r/randoza01/gamelog/2019,ZachRandolph
Xavier RathanMayes,https://www.basketball-reference.com/players/r/rathaxa01/gamelog/2019,XavierRathanMayes
JJ Redick,https://www.basketball-reference.com/players/r/redicjj01/gamelog/2019,JJRedick
Davon Reed,https://www.basketball-reference.com/players/r/reedda01/gamelog/2019,DavonReed
Willie Reed,https://www.basketball-reference.com/players/r/reedwi02/gamelog/2019,WillieReed
Cameron Reynolds,https://www.basketball-reference.com/players/r/reynoca01/gamelog/2019,CameronReynolds
Josh Richardson,https://www.basketball-reference.com/players/r/richajo01/gamelog/2019,JoshRichardson
Malachi Richardson,https://www.basketball-reference.com/players/r/richama01/gamelog/2019,MalachiRichardson
Austin Rivers,https://www.basketball-reference.com/players/r/riverau01/gamelog/2019,AustinRivers
Andre Roberson,https://www.basketball-reference.com/players/r/roberan03/gamelog/2019,AndreRoberson
Brian Roberts,https://www.basketball-reference.com/players/r/roberbr01/gamelog/2019,BrianRoberts
Devin Robinson,https://www.basketball-reference.com/players/r/robinde01/gamelog/2019,DevinRobinson
Duncan Robinson,https://www.basketball-reference.com/players/r/robindu01/gamelog/2019,DuncanRobinson
Glenn Robinson,https://www.basketball-reference.com/players/r/robingl02/gamelog/2019,GlennRobinson
Jerome Robinson,https://www.basketball-reference.com/players/r/robinje01/gamelog/2019,JeromeRobinson
Mitchell Robinson,https://www.basketball-reference.com/players/r/robinmi01/gamelog/2019,MitchellRobinson
Thomas Robinson,https://www.basketball-reference.com/players/r/robinth01/gamelog/2019,ThomasRobinson
Sergio Rodríguez,https://www.basketball-reference.com/players/r/rodrise01/gamelog/2019,SergioRodríguez
Rajon Rondo,https://www.basketball-reference.com/players/r/rondora01/gamelog/2019,RajonRondo
Derrick Rose,https://www.basketball-reference.com/players/r/rosede01/gamelog/2019,DerrickRose
Terrence Ross,https://www.basketball-reference.com/players/r/rosste01/gamelog/2019,TerrenceRoss
Terry Rozier,https://www.basketball-reference.com/players/r/roziete01/gamelog/2019,TerryRozier
Ricky Rubio,https://www.basketball-reference.com/players/r/rubiori01/gamelog/2019,RickyRubio
Damjan Rudež,https://www.basketball-reference.com/players/r/rudezda01/gamelog/2019,DamjanRudež
Brandon Rush,https://www.basketball-reference.com/players/r/rushbr01/gamelog/2019,BrandonRush
DAngelo Russell,https://www.basketball-reference.com/players/r/russeda01/gamelog/2019,DAngeloRussell
Domantas Sabonis,https://www.basketball-reference.com/players/s/sabondo01/gamelog/2019,DomantasSabonis
Brandon Sampson,https://www.basketball-reference.com/players/s/sampsbr01/gamelog/2019,BrandonSampson
JaKarr Sampson,https://www.basketball-reference.com/players/s/sampsja02/gamelog/2019,JaKarrSampson
Dario Šarić,https://www.basketball-reference.com/players/s/saricda01/gamelog/2019,DarioŠarić
Tomáš Satoranský,https://www.basketball-reference.com/players/s/satorto01/gamelog/2019,TomášSatoranský
Dennis Schröder,https://www.basketball-reference.com/players/s/schrode01/gamelog/2019,DennisSchröder
Mike Scott,https://www.basketball-reference.com/players/s/scottmi01/gamelog/2019,MikeScott
Thabo Sefolosha,https://www.basketball-reference.com/players/s/sefolth01/gamelog/2019,ThaboSefolosha
Wayne Selden,https://www.basketball-reference.com/players/s/seldewa01/gamelog/2019,WayneSelden
Kevin Séraphin,https://www.basketball-reference.com/players/s/serapke01/gamelog/2019,KevinSéraphin
Ramon Sessions,https://www.basketball-reference.com/players/s/sessira01/gamelog/2019,RamonSessions
Collin Sexton,https://www.basketball-reference.com/players/s/sextoco01/gamelog/2019,CollinSexton
Landry Shamet,https://www.basketball-reference.com/players/s/shamela01/gamelog/2019,LandryShamet
Iman Shumpert,https://www.basketball-reference.com/players/s/shumpim01/gamelog/2019,ImanShumpert
Pascal Siakam,https://www.basketball-reference.com/players/s/siakapa01/gamelog/2019,PascalSiakam
Jordan Sibert,https://www.basketball-reference.com/players/s/siberjo01/gamelog/2019,JordanSibert
Xavier Silas,https://www.basketball-reference.com/players/s/silasxa01/gamelog/2019,XavierSilas
Ben Simmons,https://www.basketball-reference.com/players/s/simmobe01/gamelog/2019,BenSimmons
Jonathon Simmons,https://www.basketball-reference.com/players/s/simmojo02/gamelog/2019,JonathonSimmons
Kobi Simmons,https://www.basketball-reference.com/players/s/simmoko01/gamelog/2019,KobiSimmons
Anfernee Simons,https://www.basketball-reference.com/players/s/simonan01/gamelog/2019,AnferneeSimons
Kyle Singler,https://www.basketball-reference.com/players/s/singlky01/gamelog/2019,KyleSingler
Marcus Smart,https://www.basketball-reference.com/players/s/smartma01/gamelog/2019,MarcusSmart
Dennis Smith,https://www.basketball-reference.com/players/s/smithde03/gamelog/2019,DennisSmith
Ish Smith,https://www.basketball-reference.com/players/s/smithis01/gamelog/2019,IshSmith
JR Smith,https://www.basketball-reference.com/players/s/smithjr01/gamelog/2019,JRSmith
Jason Smith,https://www.basketball-reference.com/players/s/smithja02/gamelog/2019,JasonSmith
Zhaire Smith,https://www.basketball-reference.com/players/s/smithzh01/gamelog/2019,ZhaireSmith
Tony Snell,https://www.basketball-reference.com/players/s/snellto01/gamelog/2019,TonySnell
Ray Spalding,https://www.basketball-reference.com/players/s/spaldra01/gamelog/2019,RaySpalding
Marreese Speights,https://www.basketball-reference.com/players/s/speigma01/gamelog/2019,MarreeseSpeights
Omari Spellman,https://www.basketball-reference.com/players/s/spellom01/gamelog/2019,OmariSpellman
Nik Stauskas,https://www.basketball-reference.com/players/s/stausni01/gamelog/2019,NikStauskas
DJ Stephens,https://www.basketball-reference.com/players/s/stephdj01/gamelog/2019,DJStephens
Lance Stephenson,https://www.basketball-reference.com/players/s/stephla01/gamelog/2019,LanceStephenson
David Stockton,https://www.basketball-reference.com/players/s/stockda01/gamelog/2019,DavidStockton
Jarnell Stokes,https://www.basketball-reference.com/players/s/stokeja01/gamelog/2019,JarnellStokes
Diamond Stone,https://www.basketball-reference.com/players/s/stonedi01/gamelog/2019,DiamondStone
Julyan Stone,https://www.basketball-reference.com/players/s/stoneju01/gamelog/2019,JulyanStone
Jared Sullinger,https://www.basketball-reference.com/players/s/sullija01/gamelog/2019,JaredSullinger
Edmond Sumner,https://www.basketball-reference.com/players/s/sumneed01/gamelog/2019,EdmondSumner
Caleb Swanigan,https://www.basketball-reference.com/players/s/swanica01/gamelog/2019,CalebSwanigan
Jayson Tatum,https://www.basketball-reference.com/players/t/tatumja01/gamelog/2019,JaysonTatum
Edy Tavares,https://www.basketball-reference.com/players/t/tavarwa01/gamelog/2019,EdyTavares
Isaiah Taylor,https://www.basketball-reference.com/players/t/taylois01/gamelog/2019,IsaiahTaylor
Jeff Teague,https://www.basketball-reference.com/players/t/teaguje01/gamelog/2019,JeffTeague
Marquis Teague,https://www.basketball-reference.com/players/t/teaguma01/gamelog/2019,MarquisTeague
Mirza Teletović,https://www.basketball-reference.com/players/t/teletmi01/gamelog/2019,MirzaTeletović
Garrett Temple,https://www.basketball-reference.com/players/t/templga01/gamelog/2019,GarrettTemple
Miloš Teodosić,https://www.basketball-reference.com/players/t/teodomi01/gamelog/2019,MilošTeodosić
Jared Terrell,https://www.basketball-reference.com/players/t/terreja01/gamelog/2019,JaredTerrell
Emanuel Terry,https://www.basketball-reference.com/players/t/terryem01/gamelog/2019,EmanuelTerry
Daniel Theis,https://www.basketball-reference.com/players/t/theisda01/gamelog/2019,DanielTheis
Isaiah Thomas,https://www.basketball-reference.com/players/t/thomais02/gamelog/2019,IsaiahThomas
Khyri Thomas,https://www.basketball-reference.com/players/t/thomakh01/gamelog/2019,KhyriThomas
Lance Thomas,https://www.basketball-reference.com/players/t/thomala01/gamelog/2019,LanceThomas
Hollis Thompson,https://www.basketball-reference.com/players/t/thompho01/gamelog/2019,HollisThompson
Klay Thompson,https://www.basketball-reference.com/players/t/thompkl01/gamelog/2019,KlayThompson
Tristan Thompson,https://www.basketball-reference.com/players/t/thomptr01/gamelog/2019,TristanThompson
Marcus Thornton,https://www.basketball-reference.com/players/t/thornma01/gamelog/2019,MarcusThornton
Sindarius Thornwell,https://www.basketball-reference.com/players/t/thornsi01/gamelog/2019,SindariusThornwell
Mike Tobey,https://www.basketball-reference.com/players/t/tobeymi01/gamelog/2019,MikeTobey
Anthony Tolliver,https://www.basketball-reference.com/players/t/tollian01/gamelog/2019,AnthonyTolliver
Axel Toupane,https://www.basketball-reference.com/players/t/toupaax01/gamelog/2019,AxelToupane
KarlAnthony Towns,https://www.basketball-reference.com/players/t/townska01/gamelog/2019,KarlAnthonyTowns
Gary Trent,https://www.basketball-reference.com/players/t/trentga02/gamelog/2019,GaryTrent
Allonzo Trier,https://www.basketball-reference.com/players/t/trieral01/gamelog/2019,AllonzoTrier
PJ Tucker,https://www.basketball-reference.com/players/t/tuckepj01/gamelog/2019,PJTucker
Evan Turner,https://www.basketball-reference.com/players/t/turneev01/gamelog/2019,EvanTurner
Myles Turner,https://www.basketball-reference.com/players/t/turnemy01/gamelog/2019,MylesTurner
Ekpe Udoh,https://www.basketball-reference.com/players/u/udohek01/gamelog/2019,EkpeUdoh
Tyler Ulis,https://www.basketball-reference.com/players/u/ulisty01/gamelog/2019,TylerUlis
Jarrod Uthoff,https://www.basketball-reference.com/players/u/uthofja01/gamelog/2019,JarrodUthoff
Jonas Valančiūnas,https://www.basketball-reference.com/players/v/valanjo01/gamelog/2019,JonasValančiūnas
Denzel Valentine,https://www.basketball-reference.com/players/v/valende01/gamelog/2019,DenzelValentine
Jarred Vanderbilt,https://www.basketball-reference.com/players/v/vandeja01/gamelog/2019,JarredVanderbilt
Fred VanVleet,https://www.basketball-reference.com/players/v/vanvlfr01/gamelog/2019,FredVanVleet
Rashad Vaughn,https://www.basketball-reference.com/players/v/vaughra01/gamelog/2019,RashadVaughn
Noah Vonleh,https://www.basketball-reference.com/players/v/vonleno01/gamelog/2019,NoahVonleh
Nikola Vučević,https://www.basketball-reference.com/players/v/vucevni01/gamelog/2019,NikolaVučević
Sasha Vujačić,https://www.basketball-reference.com/players/v/vujacsa01/gamelog/2019,SashaVujačić
Dwyane Wade,https://www.basketball-reference.com/players/w/wadedw01/gamelog/2019,DwyaneWade
Moritz Wagner,https://www.basketball-reference.com/players/w/wagnemo01/gamelog/2019,MoritzWagner
Dion Waiters,https://www.basketball-reference.com/players/w/waitedi01/gamelog/2019,DionWaiters
Kemba Walker,https://www.basketball-reference.com/players/w/walkeke02/gamelog/2019,KembaWalker
Lonnie Walker,https://www.basketball-reference.com/players/w/walkelo01/gamelog/2019,LonnieWalker
John Wall,https://www.basketball-reference.com/players/w/walljo01/gamelog/2019,JohnWall
Tyrone Wallace,https://www.basketball-reference.com/players/w/wallaty01/gamelog/2019,TyroneWallace
Taurean WallerPrince,https://www.basketball-reference.com/players/p/princta02/gamelog/2019,TaureanWallerPrince
Derrick Walton,https://www.basketball-reference.com/players/w/waltode01/gamelog/2019,DerrickWalton
Brad Wanamaker,https://www.basketball-reference.com/players/w/wanambr01/gamelog/2019,BradWanamaker
Jameel Warney,https://www.basketball-reference.com/players/w/warneja01/gamelog/2019,JameelWarney
TJ Warren,https://www.basketball-reference.com/players/w/warretj01/gamelog/2019,TJWarren
Julian Washburn,https://www.basketball-reference.com/players/w/washbju01/gamelog/2019,JulianWashburn
Yuta Watanabe,https://www.basketball-reference.com/players/w/watanyu01/gamelog/2019,YutaWatanabe
CJ Watson,https://www.basketball-reference.com/players/w/watsocj01/gamelog/2019,CJWatson
Travis Wear,https://www.basketball-reference.com/players/w/weartr01/gamelog/2019,TravisWear
James Webb,https://www.basketball-reference.com/players/w/webbja01/gamelog/2019,JamesWebb
Briante Weber,https://www.basketball-reference.com/players/w/weberbr01/gamelog/2019,BrianteWeber
Thomas Welsh,https://www.basketball-reference.com/players/w/welshth01/gamelog/2019,ThomasWelsh
Russell Westbrook,https://www.basketball-reference.com/players/w/westbru01/gamelog/2019,RussellWestbrook
Andrew White,https://www.basketball-reference.com/players/w/whitean01/gamelog/2019,AndrewWhite
Derrick White,https://www.basketball-reference.com/players/w/whitede01/gamelog/2019,DerrickWhite
Okaro White,https://www.basketball-reference.com/players/w/whiteok01/gamelog/2019,OkaroWhite
Isaiah Whitehead,https://www.basketball-reference.com/players/w/whiteis01/gamelog/2019,IsaiahWhitehead
Hassan Whiteside,https://www.basketball-reference.com/players/w/whiteha01/gamelog/2019,HassanWhiteside
Andrew Wiggins,https://www.basketball-reference.com/players/w/wiggian01/gamelog/2019,AndrewWiggins
CJ Wilcox,https://www.basketball-reference.com/players/w/wilcocj01/gamelog/2019,CJWilcox
Jacob Wiley,https://www.basketball-reference.com/players/w/wileyja01/gamelog/2019,JacobWiley
Damien Wilkins,https://www.basketball-reference.com/players/w/wilkida02/gamelog/2019,DamienWilkins
Alan Williams,https://www.basketball-reference.com/players/w/willial03/gamelog/2019,AlanWilliams
CJ Williams,https://www.basketball-reference.com/players/w/willicj01/gamelog/2019,CJWilliams
Derrick Williams,https://www.basketball-reference.com/players/w/willide02/gamelog/2019,DerrickWilliams
Johnathan Williams,https://www.basketball-reference.com/players/w/willijo04/gamelog/2019,JohnathanWilliams
Kenrich Williams,https://www.basketball-reference.com/players/w/willike04/gamelog/2019,KenrichWilliams
Lou Williams,https://www.basketball-reference.com/players/w/willilo02/gamelog/2019,LouWilliams
Marvin Williams,https://www.basketball-reference.com/players/w/willima02/gamelog/2019,MarvinWilliams
Matt Williams,https://www.basketball-reference.com/players/w/willima05/gamelog/2019,MattWilliams
Robert Williams,https://www.basketball-reference.com/players/w/williro04/gamelog/2019,RobertWilliams
Troy Williams,https://www.basketball-reference.com/players/w/willitr02/gamelog/2019,TroyWilliams
DJ Wilson,https://www.basketball-reference.com/players/w/wilsodj01/gamelog/2019,DJWilson
Jamil Wilson,https://www.basketball-reference.com/players/w/wilsoja02/gamelog/2019,JamilWilson
Kyle Wiltjer,https://www.basketball-reference.com/players/w/wiltjky01/gamelog/2019,KyleWiltjer
Justise Winslow,https://www.basketball-reference.com/players/w/winslju01/gamelog/2019,JustiseWinslow
Jeff Withey,https://www.basketball-reference.com/players/w/witheje01/gamelog/2019,JeffWithey
Nate Wolters,https://www.basketball-reference.com/players/w/woltena01/gamelog/2019,NateWolters
Christian Wood,https://www.basketball-reference.com/players/w/woodch01/gamelog/2019,ChristianWood
Brandan Wright,https://www.basketball-reference.com/players/w/wrighbr03/gamelog/2019,BrandanWright
Delon Wright,https://www.basketball-reference.com/players/w/wrighde01/gamelog/2019,DelonWright
Guerschon Yabusele,https://www.basketball-reference.com/players/y/yabusgu01/gamelog/2019,GuerschonYabusele
James Young,https://www.basketball-reference.com/players/y/youngja01/gamelog/2019,JamesYoung
Joe Young,https://www.basketball-reference.com/players/y/youngjo01/gamelog/2019,JoeYoung
Nick Young,https://www.basketball-reference.com/players/y/youngni01/gamelog/2019,NickYoung
Thaddeus Young,https://www.basketball-reference.com/players/y/youngth01/gamelog/2019,ThaddeusYoung
Trae Young,https://www.basketball-reference.com/players/y/youngtr01/gamelog/2019,TraeYoung
Cody Zeller,https://www.basketball-reference.com/players/z/zelleco01/gamelog/2019,CodyZeller
Tyler Zeller,https://www.basketball-reference.com/players/z/zellety01/gamelog/2019,TylerZeller
Stephen Zimmerman,https://www.basketball-reference.com/players/z/zimmest01/gamelog/2019,StephenZimmerman
Paul Zipser,https://www.basketball-reference.com/players/z/zipsepa01/gamelog/2019,PaulZipser
Ante Žižić,https://www.basketball-reference.com/players/z/zizican01/gamelog/2019,AnteŽižić
Ivica Zubac,https://www.basketball-reference.com/players/z/zubaciv01/gamelog/2019,IvicaZubac
